"Α05. Απογραφή Πληθυσμού-Κατοικιών 2021. Κανονικές κατοικίες κατά κατάσταση κατοικίας (κατοικούμενες, κενές), διαθεσιμότητα δικτύου υδροδότησης και λουτρού",Unnamed: 1,Unnamed: 2,Unnamed: 3,Unnamed: 4,Unnamed: 5,Unnamed: 6,Unnamed: 7,Unnamed: 8,Unnamed: 9,Unnamed: 10,Unnamed: 11,Unnamed: 12,Unnamed: 13,Unnamed: 14,Unnamed: 15,Unnamed: 16,Unnamed: 17
Περιφερειακές Ενότητες ,,,,,,,,,,,,,,,,,
,,,,,,,,,,,,,,,,,
Γεωγραφικό επίπεδο,Γεωγραφικός κωδικός,Περιγραφή/Δίκτυο υδροδότησης  ,Κανονικές κατοικίες,,,,,Κατοικούμενες,,,,,Κενές,,,,
,,,Σύνολο,Διαθεσιμότητα λουτρού ή ντους ,,,,Σύνολο,Διαθεσιμότητα λουτρού ή ντους ,,,,Σύνολο,Διαθεσιμότητα λουτρού ή ντους ,,,
,,,,Mε λουτρό ή  ντους,Εκ των οποίων ,,Χωρίς λουτρό ή ντους ,,Mε λουτρό ή  ντους,Εκ των οποίων ,,Χωρίς λουτρό ή ντους ,,Mε λουτρό ή  ντους,Εκ των οποίων ,,Χωρίς λουτρό ή ντους 
,,,,,Λουτρό ή ντους εντός της κατοικίας,Λουτρό ή ντους εκτός της κατοικίας,,,,Λουτρό ή ντους εντός της κατοικίας,Λουτρό ή ντους εκτός της κατοικίας,,,,Λουτρό ή ντους εντός της κατοικίας,Λουτρό ή ντους εκτός της κατοικίας,
,,,,,,,,,,,,,,,,,
0,0,ΣΥΝΟΛΟ ΧΩΡΑΣ,6596761,6506256,6360140,146114,90502,4319144,4311832,4207744,104091,7314,2277615,2194422,2152399,42025,83191
0,0,Διαθεσιμότητα δικτύου υδροδότησης ,6565249,6502420,6356589,145833,62826,4314765,4310812,4206765,104051,3949,2250486,2191604,2149822,41780,58879
0,0,Διαθεσιμότητα δικτύου υδροδότησης εντός της κατοικίας,6538419,6480413,6356589,123827,58003,4297746,4295584,4206765,88822,2159,2240670,2184827,2149822,35007,55847
0,0,Διαθεσιμότητα δικτύου υδροδότησης εκτός της κατοικίας,26828,22004,0,22004,4820,17017,15232,0,15232,1788,9813,6775,0,6775,3036
0,0,Χωρίς δίκτυο υδροδότησης ,31510,3834,3553,278,27672,4381,1016,977,38,3362,27131,2820,2575,243,24314
1,1,ΒΟΡΕΙΑ ΕΛΛΑΔΑ,1825932,1800840,1763060,37777,25088,1195859,1193804,1165325,28477,2057,630070,607038,597732,9303,23030
1,1,Διαθεσιμότητα δικτύου υδροδότησης ,1817948,1800681,1762931,37748,17269,1195043,1193767,1165300,28464,1278,622903,606917,597632,9281,15989
1,1,Διαθεσιμότητα δικτύου υδροδότησης εντός της κατοικίας,1810139,1794129,1762931,31201,16007,1189651,1188942,1165300,23644,707,620485,605185,597632,7555,15302
1,1,Διαθεσιμότητα δικτύου υδροδότησης εκτός της κατοικίας,7811,6550,0,6550,1260,5393,4823,0,4823,573,2420,1729,0,1729,689
1,1,Χωρίς δίκτυο υδροδότησης ,7981,161,132,32,7817,818,40,27,10,781,7165,124,103,19,7038
3,111,ΠΕΡΙΦΕΡΕΙΑ ΑΝΑΤΟΛΙΚΗΣ ΜΑΚΕΔΟΝΙΑΣ ΚΑΙ ΘΡΑΚΗΣ,349758,343101,333839,9265,6653,229160,228331,221366,6962,825,120602,114768,112470,2301,5830
3,111,Διαθεσιμότητα δικτύου υδροδότησης ,347621,343093,333830,9265,4526,228896,228331,221366,6962,563,118721,114759,112461,2301,3967
3,111,Διαθεσιμότητα δικτύου υδροδότησης εντός της κατοικίας,345641,341486,333830,7659,4153,227415,227090,221366,5721,323,118224,114394,112461,1935,3827
3,111,Διαθεσιμότητα δικτύου υδροδότησης εκτός της κατοικίας,1977,1609,0,1609,371,1479,1244,0,1244,238,501,368,0,368,136
3,111,Χωρίς δίκτυο υδροδότησης ,2133,6,6,0,2124,260,0,0,0,260,1877,6,6,0,1867
4,11101,ΠΕΡΙΦΕΡΕΙΑΚΗ ΕΝΟΤΗΤΑ ΡΟΔΟΠΗΣ,61112,59283,56400,2886,1833,43537,43118,41017,2104,416,17579,16162,15385,780,1414
4,11101,Διαθεσιμότητα δικτύου υδροδότησης ,60482,59283,56400,2886,1202,43444,43118,41017,2104,323,17041,16162,15385,780,876
4,11101,Διαθεσιμότητα δικτύου υδροδότησης εντός της κατοικίας,59929,58912,56400,2508,1021,42977,42801,41017,1781,178,16955,16108,15385,725,844
4,11101,Διαθεσιμότητα δικτύου υδροδότησης εκτός της κατοικίας,556,375,0,375,178,465,321,0,321,142,88,57,0,57,34
4,11101,Χωρίς δίκτυο υδροδότησης ,635,0,0,0,635,95,0,0,0,95,536,0,0,0,536
4,11102,ΠΕΡΙΦΕΡΕΙΑΚΗ ΕΝΟΤΗΤΑ ΔΡΑΜΑΣ,53154,52145,50551,1592,1011,35398,35337,34184,1154,59,17758,16806,16369,433,950
4,11102,Διαθεσιμότητα δικτύου υδροδότησης ,52943,52145,50551,1592,800,35385,35337,34184,1154,47,17560,16806,16369,433,752
4,11102,Διαθεσιμότητα δικτύου υδροδότησης εντός της κατοικίας,52723,51965,50551,1412,756,35237,35210,34184,1022,31,17484,16759,16369,393,722
4,11102,Διαθεσιμότητα δικτύου υδροδότησης εκτός της κατοικίας,222,177,0,177,42,146,131,0,131,13,74,44,0,44,27
4,11102,Χωρίς δίκτυο υδροδότησης ,213,0,0,0,213,10,0,0,0,10,201,0,0,0,201
4,11103,ΠΕΡΙΦΕΡΕΙΑΚΗ ΕΝΟΤΗΤΑ ΕΒΡΟΥ,84875,83336,81758,1580,1537,55397,55254,54050,1207,141,29481,28080,27706,371,1399
4,11103,Διαθεσιμότητα δικτύου υδροδότησης ,84352,83336,81758,1580,1018,55330,55254,54050,1207,73,29024,28080,27706,371,942
4,11103,Διαθεσιμότητα δικτύου υδροδότησης εντός της κατοικίας,83946,82995,81758,1239,949,55051,55010,54050,958,44,28892,27987,27706,278,903
4,11103,Διαθεσιμότητα δικτύου υδροδότησης εκτός της κατοικίας,408,339,0,339,67,276,247,0,247,27,128,95,0,95,37
4,11103,Χωρίς δίκτυο υδροδότησης ,522,0,0,0,522,65,0,0,0,65,454,0,0,0,454
4,11104,ΠΕΡΙΦΕΡΕΙΑΚΗ ΕΝΟΤΗΤΑ ΘΑΣΟΥ,12129,11913,11574,342,214,5435,5419,5221,194,13,6691,6492,6349,145,198
4,11104,Διαθεσιμότητα δικτύου υδροδότησης ,12113,11913,11574,342,203,5432,5419,5221,194,10,6684,6492,6349,145,190
4,11104,Διαθεσιμότητα δικτύου υδροδότησης εντός της κατοικίας,12039,11851,11574,280,191,5371,5368,5221,143,0,6671,6481,6349,135,188
4,11104,Διαθεσιμότητα δικτύου υδροδότησης εκτός της κατοικίας,71,64,0,64,9,58,54,0,54,7,15,13,0,13,4
4,11104,Χωρίς δίκτυο υδροδότησης ,13,0,0,0,13,6,0,0,0,6,5,0,0,0,5
4,11105,ΠΕΡΙΦΕΡΕΙΑΚΗ ΕΝΟΤΗΤΑ ΚΑΒΑΛΑΣ,82232,81290,79606,1687,945,47999,47931,46614,1314,71,34236,33362,32989,370,870
4,11105,Διαθεσιμότητα δικτύου υδροδότησης ,81978,81290,79606,1687,691,47974,47931,46614,1314,46,34007,33362,32989,370,647
4,11105,Διαθεσιμότητα δικτύου υδροδότησης εντός της κατοικίας,81554,80888,79606,1286,663,47664,47639,46614,1022,22,33892,33252,32989,266,637
4,11105,Διαθεσιμότητα δικτύου υδροδότησης εκτός της κατοικίας,427,399,0,399,30,307,289,0,289,21,117,107,0,107,12
4,11105,Χωρίς δίκτυο υδροδότησης ,252,0,0,0,252,27,0,0,0,27,227,0,0,0,227
4,11106,ΠΕΡΙΦΕΡΕΙΑΚΗ ΕΝΟΤΗΤΑ ΞΑΝΘΗΣ,56246,55132,53953,1182,1116,41391,41270,40281,992,123,14858,13865,13675,192,991
4,11106,Διαθεσιμότητα δικτύου υδροδότησης ,55746,55123,53944,1182,620,41333,41270,40281,992,66,14410,13856,13666,192,552
4,11106,Διαθεσιμότητα δικτύου υδροδότησης εντός της κατοικίας,55448,54873,53944,931,571,41112,41071,40281,793,39,14332,13804,13666,141,531
4,11106,Διαθεσιμότητα δικτύου υδροδότησης εκτός της κατοικίας,301,252,0,252,52,224,196,0,196,30,75,54,0,54,18
4,11106,Χωρίς δίκτυο υδροδότησης ,502,6,6,0,494,54,0,0,0,54,451,6,6,0,442
3,112,ΠΕΡΙΦΕΡΕΙΑ ΚΕΝΤΡΙΚΗΣ ΜΑΚΕΔΟΝΙΑΣ,1097596,1087869,1068208,19664,9724,733905,733225,717364,15859,683,363688,354647,350842,3803,9039
3,112,Διαθεσιμότητα δικτύου υδροδότησης ,1094944,1087801,1068142,19661,7140,733603,733225,717364,15859,381,361338,354579,350776,3805,6758
3,112,Διαθεσιμότητα δικτύου υδροδότησης εντός της κατοικίας,1091698,1084862,1068142,16718,6839,731101,730871,717364,13505,229,360600,353989,350776,3217,6614
3,112,Διαθεσιμότητα δικτύου υδροδότησης εκτός της κατοικίας,3243,2942,0,2942,299,2504,2352,0,2352,149,736,592,0,592,147
3,112,Χωρίς δίκτυο υδροδότησης ,2655,66,68,0,2586,300,0,0,0,300,2352,66,68,0,2284
4,11207,ΠΕΡΙΦΕΡΕΙΑΚΗ ΕΝΟΤΗΤΑ ΘΕΣΣΑΛΟΝΙΚΗΣ,597566,594980,585669,9313,2589,457117,456946,448637,8306,173,140452,138036,137035,1004,2413
4,11207,Διαθεσιμότητα δικτύου υδροδότησης ,596912,594975,585661,9311,1940,457037,456946,448637,8306,89,139877,138026,137027,1002,1849
4,11207,Διαθεσιμότητα δικτύου υδροδότησης εντός της κατοικίας,596080,594192,585661,8529,1890,456280,456228,448637,7593,54,139797,137962,137027,938,1838
4,11207,Διαθεσιμότητα δικτύου υδροδότησης εκτός της κατοικίας,829,780,0,780,53,755,716,0,716,37,77,66,0,66,14
4,11207,Χωρίς δίκτυο υδροδότησης ,658,8,5,0,646,82,0,0,0,82,572,8,5,0,562
4,11208,ΠΕΡΙΦΕΡΕΙΑΚΗ ΕΝΟΤΗΤΑ ΗΜΑΘΙΑΣ,67771,66799,65163,1633,970,50648,50549,49137,1410,101,17121,16252,16023,226,871
4,11208,Διαθεσιμότητα δικτύου υδροδότησης ,67493,66799,65163,1633,697,50592,50549,49137,1410,40,16903,16252,16023,226,653
4,11208,Διαθεσιμότητα δικτύου υδροδότησης εντός της κατοικίας,66972,66314,65163,1149,655,50122,50101,49137,966,18,16848,16211,16023,185,641
4,11208,Διαθεσιμότητα δικτύου υδροδότησης εκτός της κατοικίας,523,488,0,488,38,468,446,0,446,25,53,39,0,39,17
4,11208,Χωρίς δίκτυο υδροδότησης ,276,0,0,0,276,57,0,0,0,57,221,0,0,0,221
4,11209,ΠΕΡΙΦΕΡΕΙΑΚΗ ΕΝΟΤΗΤΑ ΚΙΛΚΙΣ,45146,44430,43247,1186,714,28431,28384,27612,769,50,16717,16049,15637,414,667
4,11209,Διαθεσιμότητα δικτύου υδροδότησης ,44894,44430,43247,1186,461,28418,28384,27612,769,37,16478,16049,15637,414,428
4,11209,Διαθεσιμότητα δικτύου υδροδότησης εντός της κατοικίας,44673,44234,43247,985,442,28247,28220,27612,610,23,16430,16012,15637,377,416
4,11209,Διαθεσιμότητα δικτύου υδροδότησης εκτός της κατοικίας,223,198,0,198,23,175,161,0,161,16,46,40,0,40,9
4,11209,Χωρίς δίκτυο υδροδότησης ,249,0,0,0,249,10,0,0,0,10,243,0,0,0,243
4,11210,ΠΕΡΙΦΕΡΕΙΑΚΗ ΕΝΟΤΗΤΑ ΠΕΛΛΑΣ,68023,66573,64586,1989,1446,48992,48909,47329,1578,85,19027,17666,17255,409,1364
4,11210,Διαθεσιμότητα δικτύου υδροδότησης ,67653,66516,64529,1989,1135,48977,48909,47329,1578,65,18679,17609,17198,409,1073
4,11210,Διαθεσιμότητα δικτύου υδροδότησης εντός της κατοικίας,67342,66243,64529,1711,1097,48726,48673,47329,1342,51,18619,17567,17198,366,1049
4,11210,Διαθεσιμότητα δικτύου υδροδότησης εκτός της κατοικίας,313,275,0,275,35,247,233,0,233,17,63,40,0,40,21
4,11210,Χωρίς δίκτυο υδροδότησης ,366,55,55,0,308,17,0,0,0,17,345,55,55,0,294
4,11211,ΠΕΡΙΦΕΡΕΙΑΚΗ ΕΝΟΤΗΤΑ ΠΙΕΡΙΑΣ,73935,73172,71900,1276,760,45362,45276,44201,1072,84,28575,27899,27696,201,673
4,11211,Διαθεσιμότητα δικτύου υδροδότησης ,73711,73172,71898,1276,542,45314,45276,44201,1072,36,28400,27894,27695,201,505
4,11211,Διαθεσιμότητα δικτύου υδροδότησης εντός της κατοικίας,73498,72981,71898,1085,515,45159,45132,44201,929,25,28341,27851,27695,159,492
4,11211,Διαθεσιμότητα δικτύου υδροδότησης εκτός της κατοικίας,216,188,0,188,26,157,146,0,146,13,57,45,0,45,15
4,11211,Χωρίς δίκτυο υδροδότησης ,221,3,3,0,215,46,0,0,0,46,173,3,3,0,171
4,11212,ΠΕΡΙΦΕΡΕΙΑΚΗ ΕΝΟΤΗΤΑ ΣΕΡΡΩΝ,102412,100857,98287,2568,1557,63405,63305,61516,1792,97,39009,37549,36773,774,1462
4,11212,Διαθεσιμότητα δικτύου υδροδότησης ,102291,100857,98287,2568,1436,63377,63305,61516,1792,69,38911,37549,36773,774,1364
4,11212,Διαθεσιμότητα δικτύου υδροδότησης εντός της κατοικίας,101803,100429,98287,2140,1377,62992,62952,61516,1433,43,38814,37480,36773,705,1336
4,11212,Διαθεσιμότητα δικτύου υδροδότησης εκτός της κατοικίας,485,431,0,431,57,389,357,0,357,29,100,71,0,71,25
4,11212,Χωρίς δίκτυο υδροδότησης ,123,0,0,0,123,24,0,0,0,24,101,0,0,0,101
4,11213,ΠΕΡΙΦΕΡΕΙΑΚΗ ΕΝΟΤΗΤΑ ΧΑΛΚΙΔΙΚΗΣ,142116,140561,138890,1669,1557,39663,39593,38684,905,67,102455,100966,100208,760,1487
4,11213,Διαθεσιμότητα δικτύου υδροδότησης ,141429,140561,138890,1669,870,39626,39593,38684,905,31,101806,100966,100208,760,842
4,11213,Διαθεσιμότητα δικτύου υδροδότησης εντός της κατοικίας,140812,139986,138890,1099,824,39321,39304,38684,616,14,101494,100684,100208,479,808
4,11213,Διαθεσιμότητα δικτύου υδροδότησης εκτός της κατοικίας,619,573,0,573,48,303,285,0,285,14,314,284,0,284,32
4,11213,Χωρίς δίκτυο υδροδότησης ,690,0,0,0,690,40,0,0,0,40,647,0,0,0,647
4,11299,ΑΓΙΟ ΟΡΟΣ (ΑΥΤΟΔΙΟΙΚΗΤΟ),626,494,464,32,135,296,260,251,12,33,334,232,216,18,104
4,11299,Διαθεσιμότητα δικτύου υδροδότησης ,552,494,464,32,56,268,260,251,12,6,281,232,216,18,52
4,11299,Διαθεσιμότητα δικτύου υδροδότησης εντός της κατοικίας,520,480,464,18,38,264,259,251,11,3,259,219,216,5,37
4,11299,Διαθεσιμότητα δικτύου υδροδότησης εκτός της κατοικίας,36,17,0,17,15,7,3,0,3,6,25,10,0,10,12
4,11299,Χωρίς δίκτυο υδροδότησης ,77,0,0,0,77,25,0,0,0,25,49,0,0,0,49
3,121,ΠΕΡΙΦΕΡΕΙΑ ΔΥΤΙΚΗΣ ΜΑΚΕΔΟΝΙΑΣ,160993,157418,154780,2635,3573,100664,100485,98591,1897,176,60327,56929,56192,741,3395
3,121,Διαθεσιμότητα δικτύου υδροδότησης ,159622,157418,154780,2635,2201,100599,100485,98591,1897,111,59020,56929,56192,741,2088
3,121,Διαθεσιμότητα δικτύου υδροδότησης εντός της κατοικίας,158719,156708,154780,1925,2008,100041,99984,98591,1395,55,58680,56726,56192,532,1957
3,121,Διαθεσιμότητα δικτύου υδροδότησης εκτός της κατοικίας,900,707,0,707,190,561,504,0,504,59,337,206,0,206,134
3,121,Χωρίς δίκτυο υδροδότησης ,1374,0,0,0,1374,62,0,0,0,62,1310,0,0,0,1310
4,12114,ΠΕΡΙΦΕΡΕΙΑΚΗ ΕΝΟΤΗΤΑ ΚΟΖΑΝΗΣ,82423,80614,79395,1216,1812,53929,53847,52932,912,80,28496,26765,26461,301,1729
4,12114,Διαθεσιμότητα δικτύου υδροδότησης ,81680,80614,79395,1216,1063,53899,53847,52932,912,49,27778,26765,26461,301,1011
4,12114,Διαθεσιμότητα δικτύου υδροδότησης εντός της κατοικίας,81207,80231,79395,838,973,53575,53558,52932,623,20,27629,26676,26461,218,950
4,12114,Διαθεσιμότητα δικτύου υδροδότησης εκτός της κατοικίας,470,380,0,380,93,326,292,0,292,32,147,86,0,86,64
4,12114,Χωρίς δίκτυο υδροδότησης ,746,0,0,0,746,27,0,0,0,27,716,0,0,0,716
4,12115,ΠΕΡΙΦΕΡΕΙΑΚΗ ΕΝΟΤΗΤΑ ΓΡΕΒΕΝΩΝ,23101,22656,22296,358,448,11070,11049,10854,198,19,12034,11605,11439,163,432
4,12115,Διαθεσιμότητα δικτύου υδροδότησης ,22953,22656,22296,358,300,11062,11049,10854,198,9,11894,11605,11439,163,287
4,12115,Διαθεσιμότητα δικτύου υδροδότησης εντός της κατοικίας,22864,22591,22296,297,271,11033,11028,10854,172,7,11828,11565,11439,123,261
4,12115,Διαθεσιμότητα δικτύου υδροδότησης εκτός της κατοικίας,92,63,0,63,31,32,23,0,23,5,64,37,0,37,23
4,12115,Χωρίς δίκτυο υδροδότησης ,145,0,0,0,145,6,0,0,0,6,142,0,0,0,142
4,12116,ΠΕΡΙΦΕΡΕΙΑΚΗ ΕΝΟΤΗΤΑ ΚΑΣΤΟΡΙΑΣ,27957,27337,26768,571,617,18471,18437,18019,414,38,9488,8903,8747,154,583
4,12116,Διαθεσιμότητα δικτύου υδροδότησης ,27782,27337,26768,571,448,18456,18437,18019,414,23,9322,8903,8747,154,422
4,12116,Διαθεσιμότητα δικτύου υδροδότησης εντός της κατοικίας,27608,27202,26768,431,409,18355,18340,18019,318,12,9255,8859,8747,115,394
4,12116,Διαθεσιμότητα δικτύου υδροδότησης εκτός της κατοικίας,177,138,0,138,42,104,93,0,93,7,70,42,0,42,31
4,12116,Χωρίς δίκτυο υδροδότησης ,173,0,0,0,173,12,0,0,0,12,163,0,0,0,163
4,12117,ΠΕΡΙΦΕΡΕΙΑΚΗ ΕΝΟΤΗΤΑ ΦΛΩΡΙΝΑΣ,27505,26813,26323,492,694,17196,17157,16784,375,37,10311,9659,9541,114,655
4,12117,Διαθεσιμότητα δικτύου υδροδότησης ,27204,26813,26323,492,388,17180,17157,16784,375,27,10022,9659,9541,114,365
4,12117,Διαθεσιμότητα δικτύου υδροδότησης εντός της κατοικίας,27043,26682,26323,361,364,17080,17067,16784,279,17,9965,9618,9541,79,351
4,12117,Διαθεσιμότητα δικτύου υδροδότησης εκτός της κατοικίας,159,129,0,129,27,102,93,0,93,6,54,38,0,38,18
4,12117,Χωρίς δίκτυο υδροδότησης ,303,0,0,0,303,14,0,0,0,14,286,0,0,0,286
3,122,ΠΕΡΙΦΕΡΕΙΑ ΗΠΕΙΡΟΥ,217587,212454,206236,6216,5135,132134,131761,128007,3757,371,85456,80692,78232,2462,4762
3,122,Διαθεσιμότητα δικτύου υδροδότησης ,215768,212367,206176,6189,3399,131941,131723,127977,3749,221,83825,80642,78201,2443,3180
3,122,Διαθεσιμότητα δικτύου υδροδότησης εντός της κατοικίας,214078,211076,206176,4898,3004,131096,131000,127977,3026,94,82984,80073,78201,1875,2908
3,122,Διαθεσιμότητα δικτύου υδροδότησης εκτός της κατοικίας,1689,1294,0,1294,397,847,726,0,726,124,843,566,0,566,275
3,122,Χωρίς δίκτυο υδροδότησης ,1821,85,57,29,1734,190,40,27,10,153,1629,47,28,22,1585
4,12218,ΠΕΡΙΦΕΡΕΙΑΚΗ ΕΝΟΤΗΤΑ ΙΩΑΝΝΙΝΩΝ,110251,107637,104543,3097,2612,66548,66379,64582,1794,166,43705,41255,39958,1300,2447
4,12218,Διαθεσιμότητα δικτύου υδροδότησης ,109339,107636,104537,3097,1701,66478,66379,64582,1794,102,42859,41254,39952,1300,1602
4,12218,Διαθεσιμότητα δικτύου υδροδότησης εντός της κατοικίας,108618,107085,104537,2545,1530,66147,66105,64582,1520,40,42473,40983,39952,1028,1493
4,12218,Διαθεσιμότητα δικτύου υδροδότησης εκτός της κατοικίας,719,548,0,548,167,333,277,0,277,59,383,274,0,274,112
4,12218,Χωρίς δίκτυο υδροδότησης ,914,3,3,0,908,67,0,0,0,67,844,3,3,0,843
4,12219,ΠΕΡΙΦΕΡΕΙΑΚΗ ΕΝΟΤΗΤΑ ΑΡΤΑΣ,41516,40412,38973,1442,1102,26482,26364,25365,1001,116,15032,14046,13604,444,989
4,12219,Διαθεσιμότητα δικτύου υδροδότησης ,41140,40412,38973,1442,731,26428,26364,25365,1001,62,14715,14046,13604,444,667
4,12219,Διαθεσιμότητα δικτύου υδροδότησης εντός της κατοικίας,40691,40070,38973,1101,618,26189,26166,25365,797,26,14500,13908,13604,300,595
4,12219,Διαθεσιμότητα δικτύου υδροδότησης εκτός της κατοικίας,452,338,0,338,111,237,201,0,201,33,213,140,0,140,75
4,12219,Χωρίς δίκτυο υδροδότησης ,373,0,0,0,373,57,0,0,0,57,319,0,0,0,319
4,12220,ΠΕΡΙΦΕΡΕΙΑΚΗ ΕΝΟΤΗΤΑ ΘΕΣΠΡΩΤΙΑΣ,27859,27183,26280,905,673,16611,16580,16154,423,34,11245,10605,10123,479,642
4,12220,Διαθεσιμότητα δικτύου υδροδότησης ,27719,27183,26280,905,534,16602,16580,16154,423,25,11115,10605,10123,479,506
4,12220,Διαθεσιμότητα δικτύου υδροδότησης εντός της κατοικίας,27461,27007,26280,724,457,16491,16481,16154,324,13,10972,10522,10123,403,446
4,12220,Διαθεσιμότητα δικτύου υδροδότησης εκτός της κατοικίας,256,179,0,179,74,113,102,0,102,14,140,79,0,79,63
4,12220,Χωρίς δίκτυο υδροδότησης ,142,0,0,0,142,7,0,0,0,7,133,0,0,0,133
4,12221,ΠΕΡΙΦΕΡΕΙΑΚΗ ΕΝΟΤΗΤΑ ΠΡΕΒΕΖΑΣ,37964,37220,36443,775,746,22490,22435,21897,541,57,15471,14783,14548,237,692
4,12221,Διαθεσιμότητα δικτύου υδροδότησης ,37572,37140,36389,748,436,22431,22398,21868,528,30,15139,14739,14518,218,402
4,12221,Διαθεσιμότητα δικτύου υδροδότησης εντός της κατοικίας,37305,36916,36389,525,392,22272,22252,21868,381,18,15037,14662,14518,141,377
4,12221,Διαθεσιμότητα δικτύου υδροδότησης εκτός της κατοικίας,264,221,0,221,41,162,144,0,144,16,100,79,0,79,23
4,12221,Χωρίς δίκτυο υδροδότησης ,395,83,50,29,313,61,40,27,10,24,335,46,27,22,292
1,2,ΚΕΝΤΡΙΚΗ ΕΛΛΑΔΑ,1784357,1749714,1702623,47094,34645,1028941,1025900,995676,30222,3043,755413,723816,706944,16870,31599
1,2,Διαθεσιμότητα δικτύου υδροδότησης ,1772663,1748754,1701685,47073,23913,1027199,1025563,995348,30217,1635,745468,723194,706339,16853,22275
1,2,Διαθεσιμότητα δικτύου υδροδότησης εντός της κατοικίας,1762320,1740391,1701685,38704,21925,1020936,1020077,995348,24731,857,741386,720311,706339,13975,21072
1,2,Διαθεσιμότητα δικτύου υδροδότησης εκτός της κατοικίας,10347,8366,0,8366,1984,6266,5483,0,5483,780,4084,2880,0,2880,1201
1,2,Χωρίς δίκτυο υδροδότησης ,11690,957,936,25,10735,1744,335,331,7,1412,9943,619,607,14,9327
3,231,ΠΕΡΙΦΕΡΕΙΑ ΘΕΣΣΑΛΙΑΣ,410760,404097,393807,10288,6665,271024,270134,262741,7391,893,139732,133966,131063,2899,5770
3,231,Διαθεσιμότητα δικτύου υδροδότησης ,409089,404094,393803,10288,4998,270712,270132,262745,7391,582,138380,133964,131062,2899,4419
3,231,Διαθεσιμότητα δικτύου υδροδότησης εντός της κατοικίας,406361,401984,393803,8178,4380,268943,268636,262745,5894,304,137421,133351,131062,2286,4073
3,231,Διαθεσιμότητα δικτύου υδροδότησης εκτός της κατοικίας,2731,2108,0,2108,621,1772,1494,0,1494,276,957,617,0,617,343
3,231,Χωρίς δίκτυο υδροδότησης ,1667,0,0,0,1665,310,0,0,0,308,1355,0,0,0,1354
4,23122,ΠΕΡΙΦΕΡΕΙΑΚΗ ΕΝΟΤΗΤΑ ΛΑΡΙΣΑΣ,146852,144975,141632,3340,1875,102427,102229,99685,2547,195,44422,42743,41943,796,1682
4,23122,Διαθεσιμότητα δικτύου υδροδότησης ,146440,144972,141630,3340,1470,102363,102233,99684,2547,133,44078,42742,41949,796,1340
4,23122,Διαθεσιμότητα δικτύου υδροδότησης εντός της κατοικίας,145856,144508,141630,2876,1351,102004,101921,99684,2240,85,43849,42585,41949,639,1268
4,23122,Διαθεσιμότητα δικτύου υδροδότησης εκτός της κατοικίας,586,467,0,467,122,357,310,0,310,50,226,155,0,155,69
4,23122,Χωρίς δίκτυο υδροδότησης ,410,0,0,0,408,61,0,0,0,65,346,0,0,0,345
4,23123,ΠΕΡΙΦΕΡΕΙΑΚΗ ΕΝΟΤΗΤΑ ΚΑΡΔΙΤΣΑΣ,63717,62297,60422,1873,1417,41319,40972,39642,1328,344,22395,21327,20782,547,1070
4,23123,Διαθεσιμότητα δικτύου υδροδότησης ,63324,62297,60422,1873,1024,41166,40972,39642,1328,198,22154,21327,20782,547,829
4,23123,Διαθεσιμότητα δικτύου υδροδότησης εντός της κατοικίας,62477,61681,60422,1256,798,40602,40508,39642,864,91,21877,21170,20782,391,710
4,23123,Διαθεσιμότητα δικτύου υδροδότησης εκτός της κατοικίας,845,619,0,619,229,568,461,0,461,104,275,155,0,155,122
4,23123,Χωρίς δίκτυο υδροδότησης ,390,0,0,0,390,149,0,0,0,149,244,0,0,0,244
4,23124,ΠΕΡΙΦΕΡΕΙΑΚΗ ΕΝΟΤΗΤΑ ΜΑΓΝΗΣΙΑΣ,113785,112009,109532,2479,1774,74174,73980,72113,1869,193,39613,38026,37416,613,1584
4,23124,Διαθεσιμότητα δικτύου υδροδότησης ,113322,112009,109532,2479,1310,74134,73980,72113,1869,152,39184,38026,37416,613,1154
4,23124,Διαθεσιμότητα δικτύου υδροδότησης εντός της κατοικίας,112543,111382,109532,1852,1158,73574,73501,72113,1391,70,38966,37878,37416,458,1091
4,23124,Διαθεσιμότητα δικτύου υδροδότησης εκτός της κατοικίας,776,630,0,630,149,558,475,0,475,86,214,151,0,151,67
4,23124,Χωρίς δίκτυο υδροδότησης ,461,0,0,0,461,38,0,0,0,38,426,0,0,0,426
4,23125,ΠΕΡΙΦΕΡΕΙΑΚΗ ΕΝΟΤΗΤΑ ΣΠΟΡΑΔΩΝ,12242,11888,11586,305,352,5449,5420,5250,167,33,6790,6466,6333,135,321
4,23125,Διαθεσιμότητα δικτύου υδροδότησης ,12138,11888,11586,305,248,5432,5420,5250,167,8,6704,6466,6333,135,236
4,23125,Διαθεσιμότητα δικτύου υδροδότησης εντός της κατοικίας,12036,11821,11586,233,218,5379,5378,5250,125,4,6655,6446,6333,111,211
4,23125,Διαθεσιμότητα δικτύου υδροδότησης εκτός της κατοικίας,99,69,0,69,34,50,45,0,45,8,47,22,0,22,22
4,23125,Χωρίς δίκτυο υδροδότησης ,100,0,0,0,100,21,0,0,0,21,84,0,0,0,84
4,23126,ΠΕΡΙΦΕΡΕΙΑΚΗ ΕΝΟΤΗΤΑ ΤΡΙΚΑΛΩΝ,74168,72923,70634,2287,1243,47654,47523,46050,1476,128,26518,25398,24587,813,1117
4,23126,Διαθεσιμότητα δικτύου υδροδότησης ,73867,72923,70634,2287,946,47610,47523,46050,1476,85,26260,25398,24587,813,859
4,23126,Διαθεσιμότητα δικτύου υδροδότησης εντός της κατοικίας,73444,72592,70634,1961,855,47379,47328,46050,1276,53,26068,25267,24587,683,799
4,23126,Διαθεσιμότητα δικτύου υδροδότησης εκτός της κατοικίας,420,328,0,328,94,228,198,0,198,34,189,128,0,128,58
4,23126,Χωρίς δίκτυο υδροδότησης ,299,0,0,0,299,41,0,0,0,41,262,0,0,0,262
3,232,ΠΕΡΙΦΕΡΕΙΑ ΣΤΕΡΕΑΣ ΕΛΛΑΔΑΣ,376580,369299,359950,9346,7283,203129,202498,196523,5973,634,173448,166803,163423,3376,6647
3,232,Διαθεσιμότητα δικτύου υδροδότησης ,374095,369295,359945,9346,4804,202779,202498,196523,5973,278,171318,166794,163420,3376,4523
3,232,Διαθεσιμότητα δικτύου υδροδότησης εντός της κατοικίας,372164,367715,359945,7772,4446,201573,201434,196523,4908,142,170589,166284,163420,2860,4307
3,232,Διαθεσιμότητα δικτύου υδροδότησης εκτός της κατοικίας,1928,1576,0,1576,355,1204,1067,0,1067,140,727,512,0,512,217
3,232,Χωρίς δίκτυο υδροδότησης ,2482,7,7,0,2478,353,0,0,0,353,2131,7,7,0,2122
4,23227,ΠΕΡΙΦΕΡΕΙΑΚΗ ΕΝΟΤΗΤΑ ΦΘΙΩΤΙΔΑΣ,101880,100167,97453,2711,1715,55951,55814,54067,1749,140,45926,44351,43389,960,1578
4,23227,Διαθεσιμότητα δικτύου υδροδότησης ,101402,100161,97452,2711,1243,55887,55814,54067,1749,71,45512,44345,43382,960,1170
4,23227,Διαθεσιμότητα δικτύου υδροδότησης εντός της κατοικίας,100789,99641,97452,2191,1146,55485,55449,54067,1385,38,45301,44193,43382,808,1110
4,23227,Διαθεσιμότητα δικτύου υδροδότησης εκτός της κατοικίας,616,518,0,518,95,400,367,0,367,35,213,153,0,153,63
4,23227,Χωρίς δίκτυο υδροδότησης ,480,4,4,0,474,66,0,0,0,66,411,4,4,0,410
4,23228,ΠΕΡΙΦΕΡΕΙΑΚΗ ΕΝΟΤΗΤΑ ΒΟΙΩΤΙΑΣ,67969,66544,65169,1372,1429,40610,40518,39514,1001,89,27362,26023,25651,369,1337
4,23228,Διαθεσιμότητα δικτύου υδροδότησης ,67479,66540,65170,1372,937,40586,40518,39514,1001,65,26896,26018,25653,369,874
4,23228,Διαθεσιμότητα δικτύου υδροδότησης εντός της κατοικίας,67083,66199,65170,1032,881,40283,40248,39514,736,38,26797,25950,25653,298,846
4,23228,Διαθεσιμότητα δικτύου υδροδότησης εκτός της κατοικίας,399,338,0,338,58,300,268,0,268,30,97,73,0,73,27
4,23228,Χωρίς δίκτυο υδροδότησης ,492,0,0,0,489,20,0,0,0,20,468,0,0,0,465
4,23229,ΠΕΡΙΦΕΡΕΙΑΚΗ ΕΝΟΤΗΤΑ ΕΥΒΟΙΑΣ,156552,154198,151244,2957,2352,84564,84363,82330,2030,198,71991,69837,68911,923,2157
4,23229,Διαθεσιμότητα δικτύου υδροδότησης ,155939,154198,151244,2957,1739,84448,84363,82330,2030,87,71489,69837,68911,923,1654
4,23229,Διαθεσιμότητα δικτύου υδροδότησης εντός της κατοικίας,155393,153761,151244,2520,1635,84121,84088,82330,1755,36,71270,69677,68911,763,1595
4,23229,Διαθεσιμότητα δικτύου υδροδότησης εκτός της κατοικίας,544,439,0,439,107,324,279,0,279,48,222,158,0,158,61
4,23229,Χωρίς δίκτυο υδροδότησης ,615,0,0,0,615,113,0,0,0,113,500,0,0,0,500
4,23230,ΠΕΡΙΦΕΡΕΙΑΚΗ ΕΝΟΤΗΤΑ ΕΥΡΥΤΑΝΙΑΣ,17440,16614,15627,990,824,7240,7153,6695,462,83,10198,9457,8935,524,743
4,23230,Διαθεσιμότητα δικτύου υδροδότησης ,17017,16614,15627,990,400,7186,7153,6695,462,29,9829,9457,8935,524,374
4,23230,Διαθεσιμότητα δικτύου υδροδότησης εντός της κατοικίας,16810,16466,15627,836,341,7094,7083,6695,386,7,9719,9386,8935,448,337
4,23230,Διαθεσιμότητα δικτύου υδροδότησης εκτός της κατοικίας,209,151,0,151,56,95,74,0,74,19,112,74,0,74,40
4,23230,Χωρίς δίκτυο υδροδότησης ,420,0,0,0,420,51,0,0,0,51,373,0,0,0,373
4,23231,ΠΕΡΙΦΕΡΕΙΑΚΗ ΕΝΟΤΗΤΑ ΦΩΚΙΔΑΣ,32739,31776,30457,1322,960,14770,14644,13922,724,125,17966,17135,16537,600,833
4,23231,Διαθεσιμότητα δικτύου υδροδότησης ,32257,31776,30457,1322,484,14672,14644,13922,724,27,17588,17135,16537,600,455
4,23231,Διαθεσιμότητα δικτύου υδροδότησης εντός της κατοικίας,32094,31648,30457,1193,443,14590,14572,13922,647,21,17508,17079,16537,544,425
4,23231,Διαθεσιμότητα δικτύου υδροδότησης εκτός της κατοικίας,166,125,0,125,38,85,75,0,75,8,84,53,0,53,32
4,23231,Χωρίς δίκτυο υδροδότησης ,478,0,0,0,478,102,0,0,0,102,380,0,0,0,380
3,241,ΠΕΡΙΦΕΡΕΙΑ ΙΟΝΙΩΝ ΝΗΣΩΝ,159371,156438,153452,2988,2929,81863,81573,79568,2008,292,77504,74867,73886,983,2640
3,241,Διαθεσιμότητα δικτύου υδροδότησης ,157636,155812,152827,2988,1822,81377,81263,79264,2002,112,76256,74545,73565,983,1708
3,241,Διαθεσιμότητα δικτύου υδροδότησης εντός της κατοικίας,156580,154906,152827,2077,1671,80613,80573,79264,1312,42,75965,74336,73565,767,1632
3,241,Διαθεσιμότητα δικτύου υδροδότησης εκτός της κατοικίας,1053,908,0,908,148,762,692,0,692,72,294,213,0,213,78
3,241,Χωρίς δίκτυο υδροδότησης ,1731,624,623,3,1105,483,308,302,3,178,1251,319,319,0,929
4,24132,ΠΕΡΙΦΕΡΕΙΑΚΗ ΕΝΟΤΗΤΑ ΚΕΡΚΥΡΑΣ,78011,76598,75619,982,1415,41410,41302,40528,776,111,36597,35294,35088,203,1307
4,24132,Διαθεσιμότητα δικτύου υδροδότησης ,76935,75972,74993,982,966,41038,40997,40224,776,44,35895,34971,34772,203,920
4,24132,Διαθεσιμότητα δικτύου υδροδότησης εντός της κατοικίας,76574,75665,74993,670,906,40752,40740,40224,514,14,35820,34928,34772,159,894
4,24132,Διαθεσιμότητα δικτύου υδροδότησης εκτός της κατοικίας,364,309,0,309,57,289,259,0,259,27,77,47,0,47,28
4,24132,Χωρίς δίκτυο υδροδότησης ,1078,624,623,3,452,374,308,302,3,64,706,319,319,0,385
4,24133,ΠΕΡΙΦΕΡΕΙΑΚΗ ΕΝΟΤΗΤΑ ΖΑΚΥΝΘΟΥ,26987,26526,25984,539,458,15214,15139,14696,440,78,11770,11389,11291,101,379
4,24133,Διαθεσιμότητα δικτύου υδροδότησης ,26814,26526,25984,539,292,15163,15139,14696,440,27,11654,11389,11291,101,263
4,24133,Διαθεσιμότητα δικτύου υδροδότησης εντός της κατοικίας,26644,26376,25984,390,270,15012,15005,14696,306,9,11630,11374,11291,86,259
4,24133,Διαθεσιμότητα δικτύου υδροδότησης εκτός της κατοικίας,173,152,0,152,24,149,137,0,137,15,22,18,0,18,6
4,24133,Χωρίς δίκτυο υδροδότησης ,169,0,0,0,169,53,0,0,0,53,113,0,0,0,113
4,24134,ΠΕΡΙΦΕΡΕΙΑΚΗ ΕΝΟΤΗΤΑ ΙΘΑΚΗΣ,2832,2722,2559,160,112,1296,1277,1180,100,16,1538,1442,1377,63,99
4,24134,Διαθεσιμότητα δικτύου υδροδότησης ,2748,2722,2559,160,28,1283,1277,1180,100,3,1463,1442,1377,63,23
4,24134,Διαθεσιμότητα δικτύου υδροδότησης εντός της κατοικίας,2694,2671,2559,110,21,1243,1245,1180,62,0,1449,1429,1377,49,22
4,24134,Διαθεσιμότητα δικτύου υδροδότησης εκτός της κατοικίας,57,49,0,49,5,38,35,0,35,6,16,11,0,11,3
4,24134,Χωρίς δίκτυο υδροδότησης ,86,0,0,0,86,11,0,0,0,11,73,0,0,0,73
4,24135,ΠΕΡΙΦΕΡΕΙΑΚΗ ΕΝΟΤΗΤΑ ΚΕΦΑΛΛΗΝΙΑΣ,30264,29679,28900,777,582,14706,14634,14208,429,74,15555,15043,14694,351,510
4,24135,Διαθεσιμότητα δικτύου υδροδότησης ,29968,29679,28900,777,292,14663,14634,14208,429,31,15308,15043,14694,351,263
4,24135,Διαθεσιμότητα δικτύου υδροδότησης εντός της κατοικίας,29663,29407,28900,504,259,14447,14435,14208,229,10,15219,14970,14694,273,251
4,24135,Διαθεσιμότητα δικτύου υδροδότησης εκτός της κατοικίας,308,277,0,277,35,218,197,0,197,18,87,76,0,76,14
4,24135,Χωρίς δίκτυο υδροδότησης ,293,0,0,0,293,46,0,0,0,46,243,0,0,0,243
4,24136,ΠΕΡΙΦΕΡΕΙΑΚΗ ΕΝΟΤΗΤΑ ΛΕΥΚΑΔΑΣ,21276,20917,20385,529,355,9233,9223,8951,268,14,12042,11698,11437,264,345
4,24136,Διαθεσιμότητα δικτύου υδροδότησης ,21164,20917,20385,529,250,9231,9223,8951,268,12,11936,11698,11437,264,235
4,24136,Διαθεσιμότητα δικτύου υδροδότησης εντός της κατοικίας,21005,20792,20385,404,215,9160,9154,8951,201,8,11847,11640,11437,200,204
4,24136,Διαθεσιμότητα δικτύου υδροδότησης εκτός της κατοικίας,157,124,0,124,31,68,65,0,65,0,91,61,0,61,28
4,24136,Χωρίς δίκτυο υδροδότησης ,109,0,0,0,109,4,0,0,0,4,108,0,0,0,108
3,242,ΠΕΡΙΦΕΡΕΙΑ ΔΥΤΙΚΗΣ ΕΛΛΑΔΑΣ,411576,403987,392640,11349,7587,256308,255760,248268,7488,545,155271,148229,144374,3857,7040
3,242,Διαθεσιμότητα δικτύου υδροδότησης ,409531,403984,392638,11349,5545,256082,255760,248268,7488,324,153451,148226,144372,3857,5222
3,242,Διαθεσιμότητα δικτύου υδροδότησης εντός της κατοικίας,407598,402394,392638,9754,5201,254942,254758,248268,6492,186,152653,147633,144372,3264,5017
3,242,Διαθεσιμότητα δικτύου υδροδότησης εκτός της κατοικίας,1936,1592,0,1592,341,1138,1000,0,1000,136,795,590,0,590,209
3,242,Χωρίς δίκτυο υδροδότησης ,2043,0,0,0,2041,223,0,0,0,223,1823,0,0,0,1820
4,24237,ΠΕΡΙΦΕΡΕΙΑΚΗ ΕΝΟΤΗΤΑ ΑΧΑΪΑΣ,191624,189564,185403,4163,2057,124720,124594,121610,2986,129,66901,64973,63796,1174,1931
4,24237,Διαθεσιμότητα δικτύου υδροδότησης ,191346,189564,185403,4163,1785,124681,124594,121610,2986,90,66663,64973,63796,1174,1692
4,24237,Διαθεσιμότητα δικτύου υδροδότησης εντός της κατοικίας,190830,189138,185403,3737,1690,124354,124291,121610,2683,66,66473,64849,63796,1056,1621
4,24237,Διαθεσιμότητα δικτύου υδροδότησης εκτός της κατοικίας,518,424,0,424,92,329,305,0,305,20,191,121,0,121,68
4,24237,Χωρίς δίκτυο υδροδότησης ,275,0,0,0,275,37,0,0,0,37,236,0,0,0,236
4,24238,ΠΕΡΙΦΕΡΕΙΑΚΗ ΕΝΟΤΗΤΑ ΑΙΤΩΛΟΑΚΑΡΝΑΝΙΑΣ,124986,121692,116886,4803,3291,76173,75945,73021,2926,226,48815,45750,43868,1880,3067
4,24238,Διαθεσιμότητα δικτύου υδροδότησης ,124085,121690,116889,4803,2398,76104,75945,73021,2926,155,47984,45747,43865,1880,2239
4,24238,Διαθεσιμότητα δικτύου υδροδότησης εντός της κατοικίας,123162,120952,116889,4066,2206,75590,75511,73021,2487,81,47570,45438,43865,1576,2129
4,24238,Διαθεσιμότητα δικτύου υδροδότησης εκτός της κατοικίας,926,739,0,739,189,512,435,0,435,78,412,306,0,306,108
4,24238,Χωρίς δίκτυο υδροδότησης ,899,0,0,0,896,67,0,0,0,67,828,0,0,0,831
4,24239,ΠΕΡΙΦΕΡΕΙΑΚΗ ΕΝΟΤΗΤΑ ΗΛΕΙΑΣ,94967,92730,90350,2383,2239,55414,55222,53637,1583,195,39555,37510,36711,797,2040
4,24239,Διαθεσιμότητα δικτύου υδροδότησης ,94095,92730,90350,2383,1367,55293,55222,53637,1583,73,38799,37510,36711,797,1292
4,24239,Διαθεσιμότητα δικτύου υδροδότησης εντός της κατοικίας,93606,92298,90350,1951,1305,54998,54956,53637,1315,40,38610,37345,36711,632,1263
4,24239,Διαθεσιμότητα δικτύου υδροδότησης εκτός της κατοικίας,492,429,0,429,60,298,264,0,264,37,192,163,0,163,27
4,24239,Χωρίς δίκτυο υδροδότησης ,869,0,0,0,869,119,0,0,0,119,752,0,0,0,752
3,243,ΠΕΡΙΦΕΡΕΙΑ ΠΕΛΟΠΟΝΝΗΣΟΥ,426076,415894,402769,13123,10179,216621,215939,208576,7360,679,209458,199952,194196,5759,9503
3,243,Διαθεσιμότητα δικτύου υδροδότησης ,422313,415571,402466,13107,6739,216249,215914,208554,7363,338,206066,199660,193915,5748,6404
3,243,Διαθεσιμότητα δικτύου υδροδότησης εντός της κατοικίας,419617,413391,402466,10923,6228,214861,214674,208554,6124,184,204759,198714,193915,4796,6042
3,243,Διαθεσιμότητα δικτύου υδροδότησης εκτός της κατοικίας,2699,2182,0,2182,513,1385,1236,0,1236,152,1311,949,0,949,359
3,243,Χωρίς δίκτυο υδροδότησης ,3761,321,300,18,3443,370,28,25,0,344,3394,295,278,14,3096
4,24340,ΠΕΡΙΦΕΡΕΙΑΚΗ ΕΝΟΤΗΤΑ ΑΡΚΑΔΙΑΣ,71430,68228,65399,2826,3205,31701,31521,30156,1368,177,39727,36704,35241,1461,3025
4,24340,Διαθεσιμότητα δικτύου υδροδότησης ,70356,68228,65399,2826,2131,31631,31521,30156,1368,107,38729,36704,35241,1461,2027
4,24340,Διαθεσιμότητα δικτύου υδροδότησης εντός της κατοικίας,69846,67870,65399,2467,1979,31455,31382,30156,1228,71,38393,36485,35241,1242,1910
4,24340,Διαθεσιμότητα δικτύου υδροδότησης εκτός της κατοικίας,513,361,0,361,155,178,142,0,142,33,338,216,0,216,119
4,24340,Χωρίς δίκτυο υδροδότησης ,1071,0,0,0,1071,73,0,0,0,73,996,0,0,0,996
4,24341,ΠΕΡΙΦΕΡΕΙΑΚΗ ΕΝΟΤΗΤΑ ΑΡΓΟΛΙΔΑΣ,59600,58717,56990,1725,885,36374,36283,35079,1206,89,23228,22433,21913,517,799
4,24341,Διαθεσιμότητα δικτύου υδροδότησης ,59072,58502,56788,1711,572,36303,36256,35052,1203,44,22772,22243,21734,511,526
4,24341,Διαθεσιμότητα δικτύου υδροδότησης εντός της κατοικίας,58807,58283,56788,1497,522,36116,36095,35052,1047,24,22688,22185,21734,453,501
4,24341,Διαθεσιμότητα δικτύου υδροδότησης εκτός της κατοικίας,268,217,0,217,49,184,158,0,158,23,82,61,0,61,23
4,24341,Χωρίς δίκτυο υδροδότησης ,525,213,204,11,310,68,28,25,0,42,460,187,182,8,270
4,24342,ΠΕΡΙΦΕΡΕΙΑΚΗ ΕΝΟΤΗΤΑ ΚΟΡΙΝΘΙΑΣ,113950,112236,110130,2110,1711,53673,53492,52097,1397,179,60279,58747,58035,710,1535
4,24342,Διαθεσιμότητα δικτύου υδροδότησης ,112994,112140,110038,2104,856,53554,53492,52097,1397,60,59442,58646,57944,704,794
4,24342,Διαθεσιμότητα δικτύου υδροδότησης εντός της κατοικίας,112162,111403,110038,1367,761,53074,53050,52097,949,26,59086,58356,57944,414,733
4,24342,Διαθεσιμότητα δικτύου υδροδότησης εκτός της κατοικίας,834,734,0,734,98,478,444,0,444,36,354,292,0,292,64
4,24342,Χωρίς δίκτυο υδροδότησης ,953,99,93,3,857,121,0,0,0,121,835,99,93,3,738
4,24343,ΠΕΡΙΦΕΡΕΙΑΚΗ ΕΝΟΤΗΤΑ ΛΑΚΩΝΙΑΣ,68354,66007,62554,3451,2344,34155,34052,32288,1761,106,34195,31957,30268,1693,2235
4,24343,Διαθεσιμότητα δικτύου υδροδότησης ,67564,66001,62548,3451,1565,34115,34052,32288,1761,60,33452,31951,30262,1688,1503
4,24343,Διαθεσιμότητα δικτύου υδροδότησης εντός της κατοικίας,67095,65627,62548,3081,1466,33904,33866,32288,1576,41,33193,31763,30262,1503,1428
4,24343,Διαθεσιμότητα δικτύου υδροδότησης εκτός της κατοικίας,467,372,0,372,97,208,183,0,183,22,262,187,0,187,73
4,24343,Χωρίς δίκτυο υδροδότησης ,787,10,3,3,781,44,0,0,0,44,740,10,3,3,735
4,24344,ΠΕΡΙΦΕΡΕΙΑΚΗ ΕΝΟΤΗΤΑ ΜΕΣΣΗΝΙΑΣ,112742,110711,107697,3011,2035,60717,60591,58960,1629,129,52028,50117,48734,1379,1909
4,24344,Διαθεσιμότητα δικτύου υδροδότησης ,112321,110704,107697,3010,1614,60652,60591,58960,1629,63,51667,50116,48734,1379,1553
4,24344,Διαθεσιμότητα δικτύου υδροδότησης εντός της κατοικίας,111707,110209,107697,2516,1496,60311,60286,58960,1323,28,51394,49926,48734,1189,1470
4,24344,Διαθεσιμότητα δικτύου υδροδότησης εκτός της κατοικίας,616,498,0,498,115,343,308,0,308,37,276,193,0,193,81
4,24344,Χωρίς δίκτυο υδροδότησης ,424,4,0,4,424,63,0,0,0,63,359,4,0,4,358
1,3,ΑΤΤΙΚΗ,2162826,2155408,2126992,28418,7415,1636674,1635808,1610080,25731,863,526154,519597,516910,2690,6554
1,3,Διαθεσιμότητα δικτύου υδροδότησης ,2160659,2155399,2126982,28414,5258,1636168,1635812,1610078,25731,359,524489,519590,516902,2686,4901
1,3,Διαθεσιμότητα δικτύου υδροδότησης εντός της κατοικίας,2158364,2153352,2126982,26373,5009,1634293,1634060,1610078,23980,236,524068,519295,516902,2396,4771
1,3,Διαθεσιμότητα δικτύου υδροδότησης εκτός της κατοικίας,2297,2043,0,2043,251,1877,1748,0,1748,126,418,292,0,292,128
1,3,Χωρίς δίκτυο υδροδότησης ,2169,12,7,3,2154,504,0,0,0,502,1669,10,11,3,1655
3,351,ΠΕΡΙΦΕΡΕΙΑ ΑΤΤΙΚΗΣ,2162826,2155408,2126992,28418,7415,1636674,1635808,1610080,25731,863,526154,519597,516910,2690,6554
3,351,Διαθεσιμότητα δικτύου υδροδότησης ,2160659,2155399,2126982,28414,5258,1636168,1635812,1610078,25731,359,524489,519590,516902,2686,4901
3,351,Διαθεσιμότητα δικτύου υδροδότησης εντός της κατοικίας,2158364,2153352,2126982,26373,5009,1634293,1634060,1610078,23980,236,524068,519295,516902,2396,4771
3,351,Διαθεσιμότητα δικτύου υδροδότησης εκτός της κατοικίας,2297,2043,0,2043,251,1877,1748,0,1748,126,418,292,0,292,128
3,351,Χωρίς δίκτυο υδροδότησης ,2169,12,7,3,2154,504,0,0,0,502,1669,10,11,3,1655
4,35145,ΠΕΡΙΦΕΡΕΙΑΚΗ ΕΝΟΤΗΤΑ ΚΕΝΤΡΙΚΟΥ ΤΟΜΕΑ ΑΘΗΝΩΝ,638322,637849,630878,6969,476,485010,484966,478390,6573,47,153310,152881,152485,393,425
4,35145,Διαθεσιμότητα δικτύου υδροδότησης ,638295,637849,630878,6969,449,484983,484966,478390,6573,20,153310,152881,152485,393,425
4,35145,Διαθεσιμότητα δικτύου υδροδότησης εντός της κατοικίας,638251,637804,630878,6929,444,484939,484926,478390,6533,15,153310,152881,152485,393,425
4,35145,Διαθεσιμότητα δικτύου υδροδότησης εκτός της κατοικίας,42,42,0,42,3,42,42,0,42,3,0,0,0,0,0
4,35145,Χωρίς δίκτυο υδροδότησης ,24,0,0,0,24,24,0,0,0,24,0,0,0,0,0
4,35146,ΠΕΡΙΦΕΡΕΙΑΚΗ ΕΝΟΤΗΤΑ ΒΟΡΕΙΟΥ ΤΟΜΕΑ ΑΘΗΝΩΝ,290435,290130,286273,3853,302,249892,249860,246161,3697,34,40546,40272,40115,160,270
4,35146,Διαθεσιμότητα δικτύου υδροδότησης ,290420,290130,286273,3853,288,249883,249860,246161,3697,25,40535,40272,40115,160,265
4,35146,Διαθεσιμότητα δικτύου υδροδότησης εντός της κατοικίας,290267,289984,286273,3709,281,249737,249722,246161,3558,18,40527,40265,40115,147,265
4,35146,Διαθεσιμότητα δικτύου υδροδότησης εκτός της κατοικίας,156,148,0,148,4,143,136,0,136,4,10,10,0,10,0
4,35146,Χωρίς δίκτυο υδροδότησης ,17,0,0,0,17,6,0,0,0,6,8,0,0,0,8
4,35147,ΠΕΡΙΦΕΡΕΙΑΚΗ ΕΝΟΤΗΤΑ ΔΥΤΙΚΟΥ ΤΟΜΕΑ ΑΘΗΝΩΝ,240042,239479,235910,3567,561,198689,198647,195341,3310,45,41351,40836,40572,261,513
4,35147,Διαθεσιμότητα δικτύου υδροδότησης ,239984,239479,235910,3567,507,198673,198647,195341,3310,30,41313,40836,40572,261,475
4,35147,Διαθεσιμότητα δικτύου υδροδότησης εντός της κατοικίας,239798,239306,235910,3394,490,198498,198480,195341,3143,19,41298,40822,40572,253,473
4,35147,Διαθεσιμότητα δικτύου υδροδότησης εκτός της κατοικίας,188,176,0,176,14,173,163,0,163,12,12,10,0,10,4
4,35147,Χωρίς δίκτυο υδροδότησης ,56,0,0,0,56,18,0,0,0,18,41,0,0,0,41
4,35148,ΠΕΡΙΦΕΡΕΙΑΚΗ ΕΝΟΤΗΤΑ ΝΟΤΙΟΥ ΤΟΜΕΑ ΑΘΗΝΩΝ,281065,280892,277334,3556,177,230984,230968,227575,3391,19,50084,49926,49755,167,154
4,35148,Διαθεσιμότητα δικτύου υδροδότησης ,281065,280892,277334,3556,177,230984,230968,227575,3391,19,50084,49926,49755,167,154
4,35148,Διαθεσιμότητα δικτύου υδροδότησης εντός της κατοικίας,281065,280892,277334,3556,177,230984,230968,227575,3391,19,50084,49926,49755,167,154
4,35148,Διαθεσιμότητα δικτύου υδροδότησης εκτός της κατοικίας,0,0,0,0,0,0,0,0,0,0,0,0,0,0,0
4,35148,Χωρίς δίκτυο υδροδότησης ,0,0,0,0,0,0,0,0,0,0,0,0,0,0,0
4,35149,ΠΕΡΙΦΕΡΕΙΑΚΗ ΕΝΟΤΗΤΑ ΑΝΑΤΟΛΙΚΗΣ ΑΤΤΙΚΗΣ,313796,312197,308722,3477,1604,191122,190937,187926,3013,183,122678,121257,120792,461,1418
4,35149,Διαθεσιμότητα δικτύου υδροδότησης ,313490,312187,308712,3477,1300,191030,190934,187924,3013,92,122457,121248,120791,461,1205
4,35149,Διαθεσιμότητα δικτύου υδροδότησης εντός της κατοικίας,312470,311297,308712,2582,1176,190183,190135,187924,2213,45,122285,121159,120791,371,1128
4,35149,Διαθεσιμότητα δικτύου υδροδότησης εκτός της κατοικίας,1017,893,0,893,122,843,802,0,802,44,170,93,0,93,75
4,35149,Χωρίς δίκτυο υδροδότησης ,310,7,7,0,306,90,0,0,0,88,223,5,5,0,215
4,35150,ΠΕΡΙΦΕΡΕΙΑΚΗ ΕΝΟΤΗΤΑ ΔΥΤΙΚΗΣ ΑΤΤΙΚΗΣ,83123,80626,79031,1597,2499,57958,57559,56233,1322,403,25163,23071,22801,273,2094
4,35150,Διαθεσιμότητα δικτύου υδροδότησης ,81631,80623,79026,1595,1006,57643,57559,56233,1322,88,23986,23068,22795,271,920
4,35150,Διαθεσιμότητα δικτύου υδροδότησης εντός της κατοικίας,81189,80220,79026,1192,966,57296,57236,56233,1005,62,23890,22986,22795,189,901
4,35150,Διαθεσιμότητα δικτύου υδροδότησης εκτός της κατοικίας,445,401,0,401,42,345,319,0,319,30,98,79,0,79,16
4,35150,Χωρίς δίκτυο υδροδότησης ,1494,0,3,0,1491,317,0,0,0,317,1174,0,3,0,1171
4,35151,ΠΕΡΙΦΕΡΕΙΑΚΗ ΕΝΟΤΗΤΑ ΠΕΙΡΑΙΩΣ,243058,242333,238437,3893,728,193686,193649,190103,3549,39,49370,48680,48337,346,692
4,35151,Διαθεσιμότητα δικτύου υδροδότησης ,243037,242330,238437,3896,709,193676,193649,190103,3549,29,49358,48679,48337,344,683
4,35151,Διαθεσιμότητα δικτύου υδροδότησης εντός της κατοικίας,242988,242285,238437,3845,705,193632,193609,190103,3509,25,49359,48673,48337,339,683
4,35151,Διαθεσιμότητα δικτύου υδροδότησης εκτός της κατοικίας,52,48,0,48,0,47,43,0,43,0,3,3,0,3,0
4,35151,Χωρίς δίκτυο υδροδότησης ,19,0,0,0,22,13,0,0,0,13,9,0,0,0,5
4,35152,ΠΕΡΙΦΕΡΕΙΑΚΗ ΕΝΟΤΗΤΑ ΝΗΣΩΝ,72980,71905,70406,1502,1073,29326,29232,28355,874,91,43657,42676,42048,625,978
4,35152,Διαθεσιμότητα δικτύου υδροδότησης ,72740,71905,70406,1502,832,29294,29232,28355,874,60,43444,42676,42048,625,770
4,35152,Διαθεσιμότητα δικτύου υδροδότησης εντός της κατοικίας,72338,71567,70406,1158,769,29018,28986,28355,628,35,43323,42583,42048,533,737
4,35152,Διαθεσιμότητα δικτύου υδροδότησης εκτός της κατοικίας,399,341,0,341,61,279,248,0,248,28,123,90,0,90,31
4,35152,Χωρίς δίκτυο υδροδότησης ,243,0,0,0,243,35,0,0,0,35,211,0,0,0,211
1,4,"ΝΗΣΙΑ ΑΙΓΑΙΟΥ, ΚΡΗΤΗ",823645,800292,767467,32822,23357,457668,456322,436660,19659,1348,365981,343967,330810,13160,22011
1,4,Διαθεσιμότητα δικτύου υδροδότησης ,813975,797588,764990,32596,16389,456353,455680,436041,19635,676,357624,341906,328951,12957,15716
1,4,Διαθεσιμότητα δικτύου υδροδότησης εντός της κατοικίας,807604,792538,764990,27551,15063,452872,452508,436041,16464,362,354729,340033,328951,11084,14699
1,4,Διαθεσιμότητα δικτύου υδροδότησης εκτός της κατοικίας,6374,5047,0,5047,1329,3484,3175,0,3175,312,2893,1875,0,1875,1014
1,4,Χωρίς δίκτυο υδροδότησης ,9674,2701,2476,228,6970,1317,640,617,20,675,8354,2064,1856,205,6292
3,461,ΠΕΡΙΦΕΡΕΙΑ ΒΟΡΕΙΟΥ ΑΙΓΑΙΟΥ,160788,155070,150124,4943,5721,81210,80885,78249,2638,328,79575,74182,71878,2302,5397
3,461,Διαθεσιμότητα δικτύου υδροδότησης ,157668,153841,149097,4741,3825,80841,80705,78081,2627,139,76825,73138,71019,2117,3689
3,461,Διαθεσιμότητα δικτύου υδροδότησης εντός της κατοικίας,156351,152796,149097,3696,3558,80191,80124,78081,2041,69,76162,72674,71019,1652,3491
3,461,Διαθεσιμότητα δικτύου υδροδότησης εκτός της κατοικίας,1314,1047,0,1047,270,652,583,0,583,72,660,462,0,462,202
3,461,Χωρίς δίκτυο υδροδότησης ,3117,1226,1025,199,1894,366,182,166,14,187,2748,1047,863,188,1704
4,46153,ΠΕΡΙΦΕΡΕΙΑΚΗ ΕΝΟΤΗΤΑ ΛΕΣΒΟΥ,66812,63998,61765,2235,2816,34050,33882,32665,1219,166,32764,30113,29098,1018,2648
4,46153,Διαθεσιμότητα δικτύου υδροδότησης ,64866,62873,60837,2034,1992,33794,33711,32504,1203,80,31070,29160,28329,834,1908
4,46153,Διαθεσιμότητα δικτύου υδροδότησης εντός της κατοικίας,64191,62364,60837,1530,1824,33437,33405,32504,897,35,30751,28962,28329,636,1792
4,46153,Διαθεσιμότητα δικτύου υδροδότησης εκτός της κατοικίας,673,506,0,506,170,360,308,0,308,48,316,195,0,195,119
4,46153,Χωρίς δίκτυο υδροδότησης ,1948,1128,926,199,822,254,174,157,14,83,1691,957,772,188,737
4,46154,ΠΕΡΙΦΕΡΕΙΑΚΗ ΕΝΟΤΗΤΑ ΙΚΑΡΙΑΣ,10460,9961,9288,676,502,4485,4449,4215,231,39,5978,5515,5070,442,466
4,46154,Διαθεσιμότητα δικτύου υδροδότησης ,10211,9961,9288,676,248,4459,4449,4215,231,12,5750,5515,5070,442,233
4,46154,Διαθεσιμότητα δικτύου υδροδότησης εντός της κατοικίας,10007,9798,9288,514,211,4400,4392,4215,180,11,5609,5408,5070,336,203
4,46154,Διαθεσιμότητα δικτύου υδροδότησης εκτός της κατοικίας,202,166,0,166,39,61,54,0,54,4,144,108,0,108,33
4,46154,Χωρίς δίκτυο υδροδότησης ,252,0,0,0,252,24,0,0,0,24,231,0,0,0,231
4,46155,ΠΕΡΙΦΕΡΕΙΑΚΗ ΕΝΟΤΗΤΑ ΛΗΜΝΟΥ,15051,14461,13912,547,586,6802,6783,6533,248,23,8244,7675,7382,296,566
4,46155,Διαθεσιμότητα δικτύου υδροδότησης ,14753,14446,13901,547,310,6790,6774,6530,248,12,7965,7668,7369,296,301
4,46155,Διαθεσιμότητα δικτύου υδροδότησης εντός της κατοικίας,14626,14338,13901,435,290,6732,6724,6530,197,5,7896,7612,7369,241,281
4,46155,Διαθεσιμότητα δικτύου υδροδότησης εκτός της κατοικίας,124,109,0,109,18,56,54,0,54,4,72,58,0,58,16
4,46155,Χωρίς δίκτυο υδροδότησης ,294,13,13,0,279,16,5,5,0,14,276,10,10,0,261
4,46156,ΠΕΡΙΦΕΡΕΙΑΚΗ ΕΝΟΤΗΤΑ ΣΑΜΟΥ,27908,26981,26355,624,925,14465,14403,14059,342,58,13447,12580,12298,285,865
4,46156,Διαθεσιμότητα δικτύου υδροδότησης ,27623,26980,26355,624,640,14420,14403,14059,342,20,13200,12579,12298,285,623
4,46156,Διαθεσιμότητα δικτύου υδροδότησης εντός της κατοικίας,27422,26812,26355,455,612,14298,14289,14059,232,6,13126,12520,12298,225,603
4,46156,Διαθεσιμότητα δικτύου υδροδότησης εκτός της κατοικίας,198,171,0,171,30,120,112,0,112,10,76,56,0,56,22
4,46156,Χωρίς δίκτυο υδροδότησης ,288,3,3,0,282,41,0,0,0,41,245,3,3,0,245
4,46157,ΠΕΡΙΦΕΡΕΙΑΚΗ ΕΝΟΤΗΤΑ ΧΙΟΥ,40558,39664,38805,861,891,21413,21373,20778,597,38,19142,18293,18030,266,851
4,46157,Διαθεσιμότητα δικτύου υδροδότησης ,40220,39581,38724,861,636,21376,21366,20771,597,14,18840,18218,17949,266,618
4,46157,Διαθεσιμότητα δικτύου υδροδότησης εντός της κατοικίας,40106,39483,38724,763,621,21324,21314,20771,545,12,18779,18166,17949,220,611
4,46157,Διαθεσιμότητα δικτύου υδροδότησης εκτός της κατοικίας,111,101,0,101,13,56,56,0,56,4,58,49,0,49,11
4,46157,Χωρίς δίκτυο υδροδότησης ,341,85,85,0,253,33,9,9,0,26,305,78,78,0,229
3,462,ΠΕΡΙΦΕΡΕΙΑ ΝΟΤΙΟΥ ΑΙΓΑΙΟΥ,254141,248135,240961,7170,6010,126869,126363,122141,4224,504,127274,121768,118823,2943,5508
3,462,Διαθεσιμότητα δικτύου υδροδότησης ,249400,246662,239521,7143,2735,126071,125905,121689,4214,167,123326,120759,117829,2927,2570
3,462,Διαθεσιμότητα δικτύου υδροδότησης εντός της κατοικίας,247686,245161,239521,5638,2527,124891,124813,121689,3121,82,122798,120352,117829,2520,2449
3,462,Διαθεσιμότητα δικτύου υδροδότησης εκτός της κατοικίας,1716,1503,0,1503,211,1183,1096,0,1096,89,531,410,0,410,123
3,462,Χωρίς δίκτυο υδροδότησης ,4744,1469,1442,24,3273,797,460,454,8,333,3945,1007,991,18,2936
4,46258,ΠΕΡΙΦΕΡΕΙΑΚΗ ΕΝΟΤΗΤΑ ΣΥΡΟΥ,16617,16376,16079,299,244,9384,9355,9118,235,26,7236,7023,6959,61,216
4,46258,Διαθεσιμότητα δικτύου υδροδότησης ,16566,16376,16079,299,188,9363,9355,9118,235,5,7207,7023,6959,61,180
4,46258,Διαθεσιμότητα δικτύου υδροδότησης εντός της κατοικίας,16479,16294,16079,213,186,9276,9274,9118,154,4,7207,7023,6959,61,180
4,46258,Διαθεσιμότητα δικτύου υδροδότησης εκτός της κατοικίας,85,83,0,83,4,85,83,0,83,4,0,0,0,0,0
4,46258,Χωρίς δίκτυο υδροδότησης ,54,0,0,0,54,19,0,0,0,19,33,0,0,0,33
4,46259,ΠΕΡΙΦΕΡΕΙΑΚΗ ΕΝΟΤΗΤΑ ΑΝΔΡΟΥ,9990,9830,9534,294,163,3565,3530,3368,164,33,6428,6298,6168,132,127
4,46259,Διαθεσιμότητα δικτύου υδροδότησης ,9919,9830,9534,294,92,3544,3530,3368,164,12,6378,6298,6168,132,77
4,46259,Διαθεσιμότητα δικτύου υδροδότησης εντός της κατοικίας,9844,9787,9534,251,59,3507,3503,3368,138,6,6335,6282,6168,115,56
4,46259,Διαθεσιμότητα δικτύου υδροδότησης εκτός της κατοικίας,78,45,0,45,35,35,29,0,29,9,41,19,0,19,24
4,46259,Χωρίς δίκτυο υδροδότησης ,68,0,0,0,68,19,0,0,0,19,52,0,0,0,52
4,46260,ΠΕΡΙΦΕΡΕΙΑΚΗ ΕΝΟΤΗΤΑ ΘΗΡΑΣ,19067,18735,18367,365,329,6918,6863,6699,162,57,12147,11874,11671,205,275
4,46260,Διαθεσιμότητα δικτύου υδροδότησης ,18391,18200,17834,364,193,6599,6575,6416,161,21,11795,11623,11420,205,169
4,46260,Διαθεσιμότητα δικτύου υδροδότησης εντός της κατοικίας,18310,18125,17834,289,187,6544,6519,6416,105,23,11768,11604,11420,181,162
4,46260,Διαθεσιμότητα δικτύου υδροδότησης εκτός της κατοικίας,79,71,0,71,4,57,54,0,54,0,25,21,0,21,5
4,46260,Χωρίς δίκτυο υδροδότησης ,678,537,536,3,139,321,286,285,3,33,354,248,248,0,108
4,46261,ΠΕΡΙΦΕΡΕΙΑΚΗ ΕΝΟΤΗΤΑ ΚΑΛΥΜΝΟΥ,23057,21925,21218,705,1134,11709,11641,11239,405,65,11350,10281,9977,302,1071
4,46261,Διαθεσιμότητα δικτύου υδροδότησης ,22274,21922,21220,705,355,11668,11641,11239,405,30,10609,10277,9978,302,328
4,46261,Διαθεσιμότητα δικτύου υδροδότησης εντός της κατοικίας,22089,21752,21220,535,335,11517,11505,11239,264,9,10568,10249,9978,269,323
4,46261,Διαθεσιμότητα δικτύου υδροδότησης εκτός της κατοικίας,188,172,0,172,18,154,139,0,139,18,36,31,0,31,3
4,46261,Χωρίς δίκτυο υδροδότησης ,780,0,0,0,781,38,0,0,0,38,744,0,0,0,740
4,46262,ΠΕΡΙΦΕΡΕΙΑΚΗ ΕΝΟΤΗΤΑ ΚΑΡΠΑΘΟΥ - ΗΡΩΙΚΗΣ ΝΗΣΟΥ ΚΑΣΟΥ,9391,9096,8489,603,298,3137,3127,2929,197,7,6257,5966,5563,405,289
4,46262,Διαθεσιμότητα δικτύου υδροδότησης ,9239,9096,8489,603,147,3132,3127,2929,197,7,6105,5966,5563,405,137
4,46262,Διαθεσιμότητα δικτύου υδροδότησης εντός της κατοικίας,9182,9043,8489,551,135,3102,3097,2929,171,8,6078,5943,5563,383,131
4,46262,Διαθεσιμότητα δικτύου υδροδότησης εκτός της κατοικίας,55,50,0,50,7,26,28,0,28,3,25,19,0,19,3
4,46262,Χωρίς δίκτυο υδροδότησης ,154,0,0,0,154,3,0,0,0,3,154,0,0,0,154
4,46263,ΠΕΡΙΦΕΡΕΙΑΚΗ ΕΝΟΤΗΤΑ ΚΕΑΣ - ΚΥΘΝΟΥ,7018,6883,6821,58,132,1615,1611,1587,28,3,5399,5269,5232,35,128
4,46263,Διαθεσιμότητα δικτύου υδροδότησης ,6963,6880,6818,58,80,1611,1611,1587,28,0,5349,5266,5229,35,80
4,46263,Διαθεσιμότητα δικτύου υδροδότησης εντός της κατοικίας,6953,6871,6818,56,84,1612,1612,1587,23,0,5343,5261,5229,30,84
4,46263,Διαθεσιμότητα δικτύου υδροδότησης εκτός της κατοικίας,8,6,0,6,0,0,0,0,0,0,9,7,0,7,0
4,46263,Χωρίς δίκτυο υδροδότησης ,52,6,6,0,49,3,0,0,0,3,48,6,6,0,45
4,46264,ΠΕΡΙΦΕΡΕΙΑΚΗ ΕΝΟΤΗΤΑ ΚΩ,20817,20652,20230,420,168,14008,13981,13625,358,29,6807,6669,6607,65,135
4,46264,Διαθεσιμότητα δικτύου υδροδότησης ,20720,20652,20230,420,70,13987,13981,13625,358,10,6729,6669,6607,65,63
4,46264,Διαθεσιμότητα δικτύου υδροδότησης εντός της κατοικίας,20586,20523,20230,290,65,13861,13858,13625,235,5,6722,6662,6607,58,57
4,46264,Διαθεσιμότητα δικτύου υδροδότησης εκτός της κατοικίας,137,127,0,127,7,129,119,0,119,6,10,4,0,4,3
4,46264,Χωρίς δίκτυο υδροδότησης ,95,0,0,0,95,18,0,0,0,18,75,0,0,0,75
4,46265,ΠΕΡΙΦΕΡΕΙΑΚΗ ΕΝΟΤΗΤΑ ΜΗΛΟΥ,12985,12234,11705,532,749,4303,4244,4029,217,62,8679,7994,7673,317,689
4,46265,Διαθεσιμότητα δικτύου υδροδότησης ,12523,12234,11705,532,287,4255,4244,4029,217,8,8265,7994,7673,317,275
4,46265,Διαθεσιμότητα δικτύου υδροδότησης εντός της κατοικίας,12403,12130,11705,422,276,4183,4181,4029,154,5,8217,7946,7673,271,273
4,46265,Διαθεσιμότητα δικτύου υδροδότησης εκτός της κατοικίας,118,107,0,107,9,69,65,0,65,6,51,44,0,44,5
4,46265,Χωρίς δίκτυο υδροδότησης ,466,0,0,0,466,52,0,0,0,52,411,0,0,0,411
4,46266,ΠΕΡΙΦΕΡΕΙΑΚΗ ΕΝΟΤΗΤΑ ΜΥΚΟΝΟΥ,10274,9928,9829,96,349,3842,3782,3738,41,62,6435,6149,6089,58,284
4,46266,Διαθεσιμότητα δικτύου υδροδότησης ,9360,9349,9256,91,13,3711,3707,3669,41,3,5651,5639,5590,51,9
4,46266,Διαθεσιμότητα δικτύου υδροδότησης εντός της κατοικίας,9330,9324,9256,66,9,3693,3693,3669,27,0,5641,5628,5590,41,9
4,46266,Διαθεσιμότητα δικτύου υδροδότησης εκτός της κατοικίας,27,29,0,29,3,16,18,0,18,3,7,7,0,7,0
4,46266,Χωρίς δίκτυο υδροδότησης ,912,582,576,8,333,133,72,72,0,58,782,508,502,8,276
4,46267,ΠΕΡΙΦΕΡΕΙΑΚΗ ΕΝΟΤΗΤΑ ΝΑΞΟΥ,22183,21221,20093,1125,960,8820,8754,8239,512,70,13360,12465,11852,611,893
4,46267,Διαθεσιμότητα δικτύου υδροδότησης ,21671,21137,20029,1110,537,8754,8735,8225,507,21,12922,12404,11801,601,514
4,46267,Διαθεσιμότητα δικτύου υδροδότησης εντός της κατοικίας,21362,20874,20029,847,486,8567,8560,8225,337,5,12792,12312,11801,509,483
4,46267,Διαθεσιμότητα δικτύου υδροδότησης εκτός της κατοικίας,312,265,0,265,49,188,173,0,173,19,126,89,0,89,33
4,46267,Χωρίς δίκτυο υδροδότησης ,509,82,67,17,425,70,21,16,8,46,442,64,48,12,381
4,46268,ΠΕΡΙΦΕΡΕΙΑΚΗ ΕΝΟΤΗΤΑ ΠΑΡΟΥ,18236,18051,17911,142,182,6123,6101,5988,115,21,12110,11953,11926,25,160
4,46268,Διαθεσιμότητα δικτύου υδροδότησης ,17876,17790,17650,142,88,6032,6025,5907,115,9,11847,11767,11740,25,82
4,46268,Διαθεσιμότητα δικτύου υδροδότησης εντός της κατοικίας,17833,17749,17650,102,82,5991,5991,5907,81,3,11840,11761,11740,18,82
4,46268,Διαθεσιμότητα δικτύου υδροδότησης εκτός της κατοικίας,45,39,0,39,4,38,32,0,32,4,9,9,0,9,0
4,46268,Χωρίς δίκτυο υδροδότησης ,358,264,264,0,96,94,78,78,0,14,266,183,183,0,80
4,46269,ΠΕΡΙΦΕΡΕΙΑΚΗ ΕΝΟΤΗΤΑ ΡΟΔΟΥ,73537,72482,70148,2337,1057,49657,49592,47920,1676,63,23881,22887,22225,665,992
4,46269,Διαθεσιμότητα δικτύου υδροδότησης ,73059,72482,70148,2337,574,49633,49592,47920,1676,38,23429,22888,22226,665,538
4,46269,Διαθεσιμότητα δικτύου υδροδότησης εντός της κατοικίας,72525,72013,70148,1867,514,49278,49267,47920,1343,14,23249,22749,22226,521,502
4,46269,Διαθεσιμότητα δικτύου υδροδότησης εκτός της κατοικίας,531,465,0,465,62,352,329,0,329,25,177,140,0,140,38
4,46269,Χωρίς δίκτυο υδροδότησης ,481,3,3,0,481,27,0,0,0,27,455,3,3,0,451
4,46270,ΠΕΡΙΦΕΡΕΙΑΚΗ ΕΝΟΤΗΤΑ ΤΗΝΟΥ,10969,10717,10531,182,250,3786,3777,3659,121,7,7184,6936,6875,64,245
4,46270,Διαθεσιμότητα δικτύου υδροδότησης ,10834,10717,10531,182,115,3777,3777,3659,121,0,7054,6936,6875,64,115
4,46270,Διαθεσιμότητα δικτύου υδροδότησης εντός της κατοικίας,10787,10682,10531,148,107,3755,3755,3659,94,0,7029,6925,6875,52,107
4,46270,Διαθεσιμότητα δικτύου υδροδότησης εκτός της κατοικίας,45,37,0,37,10,25,25,0,25,0,22,14,0,14,10
4,46270,Χωρίς δίκτυο υδροδότησης ,137,0,0,0,137,7,0,0,0,7,126,0,0,0,126
3,471,ΠΕΡΙΦΕΡΕΙΑ ΚΡΗΤΗΣ,408716,397087,376377,20714,11625,249588,249070,236270,12801,521,159131,148021,140109,7910,11107
3,471,Διαθεσιμότητα δικτύου υδροδότησης ,406907,397080,376371,20712,9829,249442,249070,236270,12801,370,157468,148013,140103,7908,9457
3,471,Διαθεσιμότητα δικτύου υδροδότησης εντός της κατοικίας,403561,394586,376371,18212,8978,247791,247577,236270,11303,217,155773,147012,140103,6907,8764
3,471,Διαθεσιμότητα δικτύου υδροδότησης εκτός της κατοικίας,3348,2497,0,2497,849,1649,1496,0,1496,150,1697,998,0,998,696
3,471,Χωρίς δίκτυο υδροδότησης ,1813,11,8,4,1799,149,0,0,0,149,1661,11,8,4,1653
4,47171,ΠΕΡΙΦΕΡΕΙΑΚΗ ΕΝΟΤΗΤΑ ΗΡΑΚΛΕΙΟΥ,185759,180744,171053,9693,5017,121012,120739,114203,6534,270,64749,60007,56849,3156,4744
4,47171,Διαθεσιμότητα δικτύου υδροδότησης ,185068,180742,171053,9685,4330,120935,120739,114203,6534,200,64136,60005,56849,3154,4134
4,47171,Διαθεσιμότητα δικτύου υδροδότησης εντός της κατοικίας,183735,179780,171053,8729,3953,120254,120148,114203,5943,104,63478,59629,56849,2784,3845
4,47171,Διαθεσιμότητα δικτύου υδροδότησης εκτός της κατοικίας,1336,959,0,959,374,685,589,0,589,92,655,372,0,372,284
4,47171,Χωρίς δίκτυο υδροδότησης ,687,4,0,4,685,74,0,0,0,74,611,4,0,4,609
4,47172,ΠΕΡΙΦΕΡΕΙΑΚΗ ΕΝΟΤΗΤΑ ΛΑΣΙΘΙΟΥ,64748,61673,58863,2812,3073,32360,32276,30860,1419,81,32386,29394,28001,1395,2994
4,47172,Διαθεσιμότητα δικτύου υδροδότησης ,64247,61667,58858,2812,2584,32342,32276,30860,1419,63,31908,29388,27995,1395,2523
4,47172,Διαθεσιμότητα δικτύου υδροδότησης εντός της κατοικίας,63462,61182,58858,2328,2281,32132,32090,30860,1233,39,31332,29089,27995,1097,2240
4,47172,Διαθεσιμότητα δικτύου υδροδότησης εκτός της κατοικίας,789,482,0,482,304,208,182,0,182,22,578,296,0,296,280
4,47172,Χωρίς δίκτυο υδροδότησης ,498,8,8,0,492,21,0,0,0,21,480,8,8,0,469
4,47173,ΠΕΡΙΦΕΡΕΙΑΚΗ ΕΝΟΤΗΤΑ ΡΕΘΥΜΝΟΥ,58615,57218,54277,2939,1399,33727,33674,31903,1774,50,24891,23547,22377,1167,1346
4,47173,Διαθεσιμότητα δικτύου υδροδότησης ,58423,57218,54277,2939,1202,33713,33674,31903,1774,37,24707,23547,22377,1167,1163
4,47173,Διαθεσιμότητα δικτύου υδροδότησης εντός της κατοικίας,58121,56963,54277,2684,1156,33549,33523,31903,1623,28,24569,23437,22377,1057,1130
4,47173,Διαθεσιμότητα δικτύου υδροδότησης εκτός της κατοικίας,299,258,0,258,44,161,148,0,148,11,140,107,0,107,35
4,47173,Χωρίς δίκτυο υδροδότησης ,195,0,0,0,195,16,0,0,0,16,182,0,0,0,182
4,47174,ΠΕΡΙΦΕΡΕΙΑΚΗ ΕΝΟΤΗΤΑ ΧΑΝΙΩΝ,99598,97456,92186,5267,2139,62492,62383,59303,3077,112,37103,35076,32880,2194,2025
4,47174,Διαθεσιμότητα δικτύου υδροδότησης ,99165,97456,92186,5267,1712,62453,62383,59303,3077,73,36715,35076,32880,2194,1641
4,47174,Διαθεσιμότητα δικτύου υδροδότησης εντός της κατοικίας,98246,96657,92186,4474,1585,61857,61807,59303,2507,47,36391,34854,32880,1970,1540
4,47174,Διαθεσιμότητα δικτύου υδροδότησης εκτός της κατοικίας,923,796,0,796,125,599,573,0,573,28,322,225,0,225,98
4,47174,Χωρίς δίκτυο υδροδότησης ,429,0,0,0,429,40,0,0,0,40,386,0,0,0,386
